2025-10-02 08:26:40,Amber,Ambientalista,Ausfuren,Big Sexy,Brill,Bueu Mago,Canabissx,Chadim,Daedric,Don Mago,Esnavnev Hadt,Exigency,Frank Horrigan,Genos,Hawk Tuah,Japazika,Jozin,Kesner,King Aragorn,Kyrla,Lich King,Little Magico Shark,Lumina San,Makavell,Master Sorcerrer,Mazit,Nightingale,Nimo,Percocet,Pitou,Royal Force,Royal Peludin,Sashimi Balls,Suco Cura,Tekanee,Tovak,Wrednymarek,Zaabagarr,Zgredek,Zod Mage,Zrok
2025-10-02 08:29:50,Amber,Ambientalista,Ausfuren,Big Sexy,Brill,Bueu Mago,Canabissx,Chadim,Daedric,Esnavnev Hadt,Exigency,Frank Horrigan,Genos,Hawk Tuah,Japazika,Jozin,Kesner,King Aragorn,Kyrla,Lich King,Little Magico Shark,Lumina San,Makavell,Master Sorcerrer,Nightingale,Nimo,Percocet,Pitou,Royal Force,Royal Peludin,Sashimi Balls,Suco Cura,Tekanee,Tovak,Treyvor,Zaabagarr,Zgredek,Zod Mage,Zrok
2025-10-02 08:30:51,Amber,Ambientalista,Ausfuren,Big Sexy,Brill,Bueu Mago,Canabissx,Chadim,Daedric,Esnavnev Hadt,Exigency,Frank Horrigan,Genos,Hawk Tuah,Japazika,Jozin,Kesner,King Aragorn,Kyrla,Little Magico Shark,Lumina San,Makavell,Master Sorcerrer,Nightingale,Nimo,Percocet,Pitou,Royal Force,Royal Peludin,Sashimi Balls,Suco Cura,Tekanee,Tovak,Treyvor,Zaabagarr,Zgredek,Zod Mage,Zrok
2025-10-02 08:31:52,Amber,Ambientalista,Ausfuren,Big Sexy,Brill,Bueu Mago,Canabissx,Chadim,Esnavnev Hadt,Exigency,Falcon Nika,Frank Horrigan,Genos,Hawk Tuah,Japazika,Jozin,Kesner,King Aragorn,Kyrla,Little Magico Shark,Lumina San,Makavell,Master Sorcerrer,Nightingale,Nimo,Percocet,Pitou,Royal Peludin,Sashimi Balls,Suco Cura,Tekanee,Tovak,Treyvor,Zaabagarr,Zgredek,Zrok
2025-10-02 08:32:53,Amber,Ausfuren,Big Sexy,Brill,Bueu Mago,Canabissx,Chadim,Esnavnev Hadt,Exigency,Falcon Nika,Frank Horrigan,Genos,Hawk Tuah,Japazika,Jozin,Kesner,King Aragorn,Kyrla,Little Magico Shark,Lumina San,Makavell,Master Sorcerrer,Nightingale,Nimo,Percocet,Pitou,Royal Force,Royal Peludin,Sashimi Balls,Suco Cura,Tekanee,Tovak,Treyvor,Zgredek,Zrok
2025-10-02 08:33:54,Ausfuren,Big Sexy,Brill,Bueu Mago,Canabissx,Chadim,Esnavnev Hadt,Exigency,Falcon Nika,Frank Horrigan,Genos,Hawk Tuah,Japazika,Kesner,King Aragorn,Kyrla,Little Magico Shark,Lumina San,Makavell,Master Sorcerrer,Nightingale,Nimo,Percocet,Pitou,Royal Force,Royal Peludin,Sashimi Balls,Suco Cura,Tekanee,Tovak,Treyvor,Zgredek,Zrok
2025-10-02 08:34:55,Ausfuren,Big Sexy,Brill,Bueu Mago,Canabissx,Chadim,Esnavnev Hadt,Exigency,Falcon Nika,Frank Horrigan,Genos,Hawk Tuah,Japazika,Kesner,King Aragorn,Kyrla,Little Magico Shark,Lumina San,Makavell,Master Sorcerrer,Nightingale,Nimo,Percocet,Pitou,Royal Force,Royal Peludin,Sashimi Balls,Suco Cura,Tekanee,Tovak,Treyvor,Zgredek,Zrok
2025-10-02 08:35:56,Ausfuren,Big Sexy,Brill,Bueu Mago,Canabissx,Chadim,Esnavnev Hadt,Exigency,Falcon Nika,Frank Horrigan,Genos,Hawk Tuah,Japazika,Kesner,King Aragorn,Kyrla,Little Magico Shark,Lumina San,Makavell,Master Sorcerrer,Nightingale,Nimo,Percocet,Pitou,Royal Force,Royal Peludin,Sashimi Balls,Suco Cura,Tekanee,Tovak,Treyvor,Zgredek,Zrok
2025-10-02 08:36:56,Ambientalista,Ausfuren,Big Sexy,Brill,Bueu Mago,Canabissx,Chadim,Esnavnev Hadt,Exigency,Falcon Nika,Frank Horrigan,Genos,Hawk Tuah,Japazika,Kesner,King Aragorn,Little Magico Shark,Lumina San,Makavell,Master Sorcerrer,Nightingale,Nimo,Percocet,Pitou,Royal Force,Royal Peludin,Sashimi Balls,Suco Cura,Tekanee,Tovak,Treyvor,Zgredek,Zrok
2025-10-02 08:37:57,Ambientalista,Ausfuren,Big Sexy,Brill,Bueu Mago,Canabissx,Chadim,Daedric,Esnavnev Hadt,Exigency,Falcon Nika,Frank Horrigan,Genos,Hawk Tuah,Japazika,King Aragorn,Little Magico Shark,Lumina San,Makavell,Master Sorcerrer,Nightingale,Nimo,Percocet,Pitou,Royal Force,Royal Peludin,Sashimi Balls,Suco Cura,Tekanee,Tovak,Treyvor,Zgredek,Zrok
2025-10-02 08:38:58,Ambientalista,Ausfuren,Big Sexy,Brill,Bueu Mago,Canabissx,Chadim,Daedric,Esnavnev Hadt,Exigency,Falcon Nika,Frank Horrigan,Genos,Hawk Tuah,Japazika,King Aragorn,Little Magico Shark,Lumina San,Makavell,Master Sorcerrer,Nightingale,Nimo,Pitou,Royal Force,Royal Peludin,Sashimi Balls,Suco Cura,Tekanee,Tovak,Treyvor,Zgredek,Zrok
2025-10-02 08:39:59,Ambientalista,Ausfuren,Big Sexy,Brill,Canabissx,Chadim,Daedric,Esnavnev Hadt,Exigency,Falcon Nika,Frank Horrigan,Genos,Hawk Tuah,Japazika,King Aragorn,Little Magico Shark,Lumina San,Makavell,Master Sorcerrer,Nightingale,Nimo,Pitou,Royal Force,Royal Peludin,Sashimi Balls,Suco Cura,Tekanee,Tovak,Treyvor,Zgredek,Zrok
2025-10-02 08:41:00,Ambientalista,Ausfuren,Big Sexy,Brill,Canabissx,Chadim,Daedric,Don Mago,Esnavnev Hadt,Exigency,Falcon Nika,Frank Horrigan,Genos,Giobus Tansuz,Hawk Tuah,Japazika,Kesner,King Aragorn,Little Magico Shark,Lumina San,Makavell,Master Sorcerrer,Nightingale,Nimo,Pitou,Royal Force,Royal Peludin,Sashimi Balls,Suco Cura,Tekanee,Tovak,Treyvor,Zaabagarr,Zgredek,Zrok
2025-10-02 08:42:01,Ambientalista,Ausfuren,Big Sexy,Brill,Canabissx,Chadim,Daedric,Don Mago,Esnavnev Hadt,Exigency,Falcon Nika,Frank Horrigan,Genos,Giobus Tansuz,Hawk Tuah,Japazika,Kesner,King Aragorn,Little Magico Shark,Lumina San,Makavell,Master Sorcerrer,Nightingale,Nimo,Pitou,Royal Force,Royal Peludin,Sashimi Balls,Suco Cura,Tekanee,Tovak,Treyvor,Zaabagarr,Zgredek,Zrok
2025-10-02 08:43:01,Ambientalista,Ausfuren,Big Sexy,Brill,Canabissx,Chadim,Daedric,Don Mago,Esnavnev Hadt,Exigency,Falcon Nika,Frank Horrigan,Genos,Giobus Tansuz,Hawk Tuah,Japazika,Kesner,King Aragorn,Little Magico Shark,Lumina San,Majin Buu,Makavell,Master Sorcerrer,Nightingale,Nimo,Royal Peludin,Sashimi Balls,Suco Cura,Tekanee,Tovak,Treyvor,Zaabagarr,Zgredek,Zrok
2025-10-02 08:44:02,Ambientalista,Ausfuren,Big Sexy,Brill,Canabissx,Chadim,Daedric,Don Mago,Esnavnev Hadt,Exigency,Falcon Nika,Frank Horrigan,Genos,Giobus Tansuz,Godlike,Hawk Tuah,Japazika,Kesner,King Aragorn,Little Magico Shark,Lumina San,Majin Buu,Makavell,Master Sorcerrer,Nightingale,Nimo,Royal Peludin,Sashimi Balls,Suco Cura,Tekanee,Tovak,Zaabagarr,Zgredek,Zod Mage,Zrok
2025-10-02 08:45:05,Ambientalista,Ausfuren,Big Sexy,Brill,Canabissx,Chadim,Daedric,Don Mago,Esnavnev Hadt,Exigency,Falcon Nika,Frank Horrigan,Genos,Giobus Tansuz,Godlike,Hawk Tuah,Japazika,Kesner,King Aragorn,Little Magico Shark,Lumina San,Majin Buu,Makavell,Master Sorcerrer,Nightingale,Nimo,Royal Peludin,Suco Cura,Tekanee,Tirador De Ossos,Tovak,Zaabagarr,Zgredek,Zod Mage,Zrok
2025-10-02 08:46:06,Ambientalista,Ausfuren,Big Sexy,Brill,Canabissx,Chadim,Daedric,Don Mago,Esnavnev Hadt,Exigency,Falcon Nika,Frank Horrigan,Genos,Giobus Tansuz,Godlike,Hawk Tuah,Japazika,Kesner,King Aragorn,Little Magico Shark,Lumina San,Majin Buu,Makavell,Master Sorcerrer,Nightingale,Nimo,Royal Peludin,Suco Cura,Tekanee,Tirador De Ossos,Tovak,Zaabagarr,Zgredek,Zod Mage,Zrok
2025-10-02 08:47:07,Ambientalista,Ausfuren,Big Sexy,Brill,Canabissx,Chadim,Daedric,Don Mago,Esnavnev Hadt,Exigency,Falcon Nika,Frank Horrigan,Genos,Giobus Tansuz,Godlike,Hawk Tuah,Japazika,Kesner,King Aragorn,Little Magico Shark,Lumina San,Majin Buu,Makavell,Master Sorcerrer,Nightingale,Nimo,Royal Peludin,Suco Cura,Tekanee,Tirador De Ossos,Tovak,Zaabagarr,Zgredek,Zod Mage,Zrok
2025-10-02 08:48:08,Ambientalista,Ausfuren,Big Sexy,Brill,Canabissx,Chadim,Daedric,Don Mago,Esnavnev Hadt,Exigency,Frank Horrigan,Genos,Giobus Tansuz,Godlike,Hawk Tuah,Japazika,Kesner,King Aragorn,Little Magico Shark,Lumina San,Majin Buu,Makavell,Master Sorcerrer,Nightingale,Nimo,Royal Peludin,Suco Cura,Tekanee,Tirador De Ossos,Tovak,Zaabagarr,Zgredek,Zod Mage,Zrok
2025-10-02 08:49:09,Ambientalista,Ausfuren,Big Sexy,Brill,Canabissx,Chadim,Daedric,Don Mago,Esnavnev Hadt,Exigency,Frank Horrigan,Genos,Giobus Tansuz,Godlike,Hawk Tuah,Japazika,Kesner,King Aragorn,Little Magico Shark,Lumina San,Majin Buu,Makavell,Master Sorcerrer,Nightingale,Nimo,Royal Peludin,Suco Cura,Tekanee,Tirador De Ossos,Tovak,Zaabagarr,Zgredek,Zod Mage,Zrok
2025-10-02 08:50:10,Ambientalista,Ausfuren,Big Sexy,Brill,Canabissx,Chadim,Daedric,Don Mago,Esnavnev Hadt,Exigency,Frank Horrigan,Genos,Giobus Tansuz,Godlike,Hawk Tuah,Japazika,Kesner,King Aragorn,Little Magico Shark,Lumina San,Majin Buu,Makavell,Master Sorcerrer,Nightingale,Nimo,Oiseau,Royal Peludin,Suco Cura,Tekanee,Tirador De Ossos,Tovak,Zaabagarr,Zgredek,Zod Mage,Zrok
2025-10-02 08:51:11,Ambientalista,Ausfuren,Big Sexy,Brill,Canabissx,Chadim,Daedric,Don Mago,Esnavnev Hadt,Exigency,Frank Horrigan,Genos,Giobus Tansuz,Godlike,Hawk Tuah,Japazika,Kesner,King Aragorn,Little Magico Shark,Lumina San,Majin Buu,Makavell,Master Sorcerrer,Nightingale,Nimo,Oiseau,Royal Peludin,Suco Cura,Tekanee,Tirador De Ossos,Tovak,Zaabagarr,Zgredek,Zod Mage,Zrok
2025-10-02 08:52:12,Ambientalista,Ausfuren,Big Sexy,Brill,Canabissx,Chadim,Daedric,Don Mago,Esnavnev Hadt,Exigency,Frank Horrigan,Genos,Giobus Tansuz,Godlike,Hawk Tuah,Japazika,Kesner,King Aragorn,Little Magico Shark,Lumina San,Majin Buu,Makavell,Master Sorcerrer,Mohzise,Nightingale,Nimo,Oiseau,Royal Peludin,Suco Cura,Tekanee,Tirador De Ossos,Tovak,Zaabagarr,Zgredek,Zod Mage,Zrok
2025-10-02 08:53:12,Ausfuren,Big Sexy,Brill,Canabissx,Chadim,Daedric,Don Mago,Esnavnev Hadt,Exigency,Frank Horrigan,Genos,Giobus Tansuz,Godlike,Hawk Tuah,Japazika,Kesner,King Aragorn,Little Magico Shark,Lumina San,Majin Buu,Makavell,Master Sorcerrer,Mohzise,Nightingale,Nimo,Oiseau,Pitou,Royal Peludin,Suco Cura,Tekanee,Tirador De Ossos,Tovak,Zaabagarr,Zgredek,Zod Mage,Zrok
2025-10-02 08:54:13,Ausfuren,Big Sexy,Brill,Canabissx,Chadim,Daedric,Don Mago,Esnavnev Hadt,Exigency,Frank Horrigan,Genos,Giobus Tansuz,Godlike,Hawk Tuah,Kesner,King Aragorn,Lich King,Little Magico Shark,Lumina San,Majin Buu,Makavell,Mohzise,Nightingale,Nimo,Oiseau,Pitou,Royal Peludin,Suco Cura,Tekanee,Tirador De Ossos,Tovak,Zaabagarr,Zgredek,Zod Mage,Zrok
2025-10-02 08:55:14,Ausfuren,Big Sexy,Blue Digivice,Brill,Chadim,Daedric,Don Mago,Esnavnev Hadt,Exigency,Frank Horrigan,Genos,Giobus Tansuz,Godlike,Hawk Tuah,Kesner,King Aragorn,Lich King,Lumina San,Majin Buu,Makavell,Mohzise,Nightingale,Nimo,Oiseau,Pitou,Royal Peludin,Suco Cura,Tekanee,Tirador De Ossos,Tovak,Zaabagarr,Zgredek,Zod Mage,Zrok
2025-10-02 08:56:15,Ausfuren,Big Sexy,Blue Digivice,Brill,Chadim,Daedric,Don Mago,Esnavnev Hadt,Exigency,Frank Horrigan,Genos,Giobus Tansuz,Godlike,Kesner,King Aragorn,Lich King,Lumina San,Majin Buu,Makavell,Mohzise,Nightingale,Nimo,Oiseau,Pitou,Royal Peludin,Sashimi Balls,Suco Cura,Tekanee,Tovak,Zaabagarr,Zgredek,Zod Mage,Zrok
2025-10-02 08:57:16,Ambientalista,Ausfuren,Big Sexy,Blue Digivice,Brill,Chadim,Daedric,Esnavnev Hadt,Exigency,Frank Horrigan,Genos,Giobus Tansuz,Godlike,King Aragorn,Lich King,Lumina San,Majin Buu,Makavell,Mohzise,Nightingale,Nimo,Oiseau,Pitou,Royal Peludin,Sashimi Balls,Suco Cura,Tekanee,Tovak,Zaabagarr,Zgredek,Zod Mage,Zrok
2025-10-02 08:58:17,Ambientalista,Ausfuren,Big Sexy,Blue Digivice,Brill,Chadim,Daedric,Esnavnev Hadt,Exigency,Frank Horrigan,Genos,Giobus Tansuz,Godlike,King Aragorn,Lich King,Lumina San,Majin Buu,Makavell,Mohzise,Nightingale,Nimo,Oiseau,Pitou,Royal Peludin,Sashimi Balls,Suco Cura,Tekanee,Tovak,Zaabagarr,Zgredek,Zod Mage,Zrok
2025-10-02 08:59:17,Ambientalista,Ausfuren,Big Sexy,Blue Digivice,Brill,Bueu Mago,Chadim,Daedric,Esnavnev Hadt,Exigency,Frank Horrigan,Genos,Giobus Tansuz,Godlike,King Aragorn,Lich King,Lumina San,Majin Buu,Makavell,Mohzise,Nightingale,Nimo,Oiseau,Pitou,Royal Peludin,Sashimi Balls,Suco Cura,Tekanee,Tovak,Zaabagarr,Zgredek,Zod Mage,Zrok
2025-10-02 09:00:18,Ambientalista,Ausfuren,Big Sexy,Blue Digivice,Bueu Mago,Chadim,Daedric,Esnavnev Hadt,Exigency,Frank Horrigan,Genos,Giobus Tansuz,Godlike,Hawk Tuah,Kesner,King Aragorn,Lich King,Lumina San,Makavell,Mohzise,Nightingale,Nimo,Oiseau,Pitou,Royal Peludin,Sashimi Balls,Suco Cura,Tekanee,Tovak,Zaabagarr,Zgredek,Zrok
2025-10-02 09:01:19,Ambientalista,Ausfuren,Big Sexy,Blue Digivice,Bueu Mago,Chadim,Daedric,Esnavnev Hadt,Exigency,Frank Horrigan,Genos,Giobus Tansuz,Godlike,Hawk Tuah,Kesner,King Aragorn,Lich King,Lumina San,Makavell,Master Sorcerrer,Mohzise,Nightingale,Nimo,Oiseau,Pitou,Royal Peludin,Sashimi Balls,Suco Cura,Tekanee,Tovak,Treyvor,Zaabagarr,Zgredek,Zrok
2025-10-02 09:02:20,Ambientalista,Azael D'zarath,Big Sexy,Blue Digivice,Bueu Mago,Chadim,Daedric,Esnavnev Hadt,Exigency,Frank Horrigan,Genos,Giobus Tansuz,Hawk Tuah,Kesner,King Aragorn,Lich King,Lumina San,Makavell,Master Sorcerrer,Mohzise,Nightingale,Nimo,Oiseau,Pitou,Royal Peludin,Sashimi Balls,Suco Cura,Tekanee,Tovak,Treyvor,Zaabagarr,Zgredek,Zrok
2025-10-02 09:03:21,Ambientalista,Azael D'zarath,Big Sexy,Blue Digivice,Brill,Bueu Mago,Chadim,Daedric,Esnavnev Hadt,Exigency,Frank Horrigan,Genos,Giobus Tansuz,Hawk Tuah,Kesner,King Aragorn,Lich King,Lumina San,Makavell,Master Sorcerrer,Mohzise,Nightingale,Nimo,Oiseau,Pitou,Royal Peludin,Sashimi Balls,Suco Cura,Tekanee,Tovak,Treyvor,Zaabagarr,Zgredek,Zrok
2025-10-02 09:04:22,Ambientalista,Anastazia,Azael D'zarath,Big Sexy,Blue Digivice,Brill,Bueu Mago,Chadim,Daedric,Esnavnev Hadt,Exigency,Frank Horrigan,Genos,Giobus Tansuz,Hawk Tuah,Jozin,Kesner,King Aragorn,Lich King,Lumina San,Makavell,Master Sorcerrer,Mohzise,Nightingale,Nimo,Oiseau,Percocet,Pitou,Royal Peludin,Sashimi Balls,Suco Cura,Tekanee,Tovak,Treyvor,Zaabagarr,Zgredek,Zrok
2025-10-02 09:05:23,Ambientalista,Anastazia,Azael D'zarath,Big Sexy,Blue Digivice,Bueu Mago,Chadim,Daedric,Esnavnev Hadt,Exigency,Frank Horrigan,Genos,Giobus Tansuz,Hawk Tuah,Jozin,Kesner,King Aragorn,Lich King,Lumina San,Majin Buu,Makavell,Master Sorcerrer,Mohzise,Nightingale,Nimo,Oiseau,Percocet,Pitou,Royal Peludin,Sashimi Balls,Suco Cura,Tekanee,Tovak,Treyvor,Zaabagarr,Zgredek,Zrok
2025-10-02 09:06:24,Ambientalista,Anastazia,Azael D'zarath,Big Sexy,Blue Digivice,Bueu Mago,Chadim,Daedric,Esnavnev Hadt,Exigency,Frank Horrigan,Genos,Giobus Tansuz,Hawk Tuah,Jozin,Kesner,King Aragorn,Lich King,Lumina San,Majin Buu,Makavell,Master Sorcerrer,Mohzise,Nightingale,Nimo,Percocet,Pitou,Royal Peludin,Sashimi Balls,Suco Cura,Tchex,Tekanee,Tovak,Treyvor,Zaabagarr,Zgredek
2025-10-02 09:07:25,Ambientalista,Anastazia,Azael D'zarath,Big Sexy,Blue Digivice,Bueu Mago,Chadim,Daedric,Esnavnev Hadt,Exigency,Frank Horrigan,Genos,Giobus Tansuz,Hawk Tuah,Jozin,Kesner,King Aragorn,Lich King,Lumina San,Majin Buu,Makavell,Master Sorcerrer,Mohzise,Nightingale,Nimo,Percocet,Pitou,Royal Peludin,Sashimi Balls,Suco Cura,Tchex,Tekanee,Tovak,Treyvor,Zaabagarr,Zgredek
2025-10-02 09:08:25,Ambientalista,Anastazia,Azael D'zarath,Big Sexy,Blue Digivice,Bueu Mago,Chadim,Daedric,Esnavnev Hadt,Exigency,Fagosh,Frank Horrigan,Genos,Giobus Tansuz,Hawk Tuah,Jozin,Kesner,King Aragorn,Lich King,Lumina San,Majin Buu,Makavell,Master Sorcerrer,Mohzise,Nightingale,Nimo,Percocet,Pitou,Royal Peludin,Sashimi Balls,Suco Cura,Tchex,Tekanee,Tovak,Treyvor,Zaabagarr,Zgredek
2025-10-02 09:09:26,Ambientalista,Anastazia,Ausfuren,Azael D'zarath,Big Sexy,Blue Digivice,Bueu Mago,Chadim,Daedric,Esnavnev Hadt,Exigency,Fagosh,Frank Horrigan,Genos,Giobus Tansuz,Hairy Fairy,Hawk Tuah,Jozin,Kesner,King Aragorn,Lich King,Lumina San,Majin Buu,Makavell,Master Sorcerrer,Mohzise,Nightingale,Nimo,Percocet,Pitou,Royal Force,Sashimi Balls,Suco Cura,Tchex,Tekanee,Tovak,Treyvor,Zaabagarr,Zgredek
2025-10-02 09:10:27,Amber,Ambientalista,Anastazia,Ausfuren,Azael D'zarath,Big Sexy,Blue Digivice,Bueu Mago,Chadim,Daedric,Esnavnev Hadt,Exigency,Fagosh,Frank Horrigan,Genos,Giobus Tansuz,Hairy Fairy,Hawk Tuah,Jozin,Kesner,King Aragorn,Lich King,Lumina San,Majin Buu,Makavell,Master Sorcerrer,Mazit,Mohzise,Nightingale,Nimo,Percocet,Royal Force,Sashimi Balls,Suco Cura,Tchex,Tekanee,Tovak,Treyvor,Zaabagarr,Zgredek
2025-10-02 09:11:28,Amber,Ambientalista,Anastazia,Ausfuren,Azael D'zarath,Big Sexy,Bueu Mago,Chadim,Daedric,Esnavnev Hadt,Exigency,Fagosh,Frank Horrigan,Genos,Giobus Tansuz,Hairy Fairy,Hawk Tuah,Jozin,Kesner,King Aragorn,Lich King,Lumina San,Majin Buu,Makavell,Master Sorcerrer,Mazit,Mohzise,Nightingale,Nimo,Percocet,Royal Force,Sashimi Balls,Suco Cura,Tchex,Tekanee,Tovak,Treyvor,Zaabagarr,Zgredek
2025-10-02 09:12:29,Amber,Ambientalista,Anastazia,Ausfuren,Azael D'zarath,Big Sexy,Bueu Mago,Chadim,Daedric,Esnavnev Hadt,Exigency,Fagosh,Frank Horrigan,Genos,Giobus Tansuz,Hairy Fairy,Hawk Tuah,Jozin,Kesner,King Aragorn,Lich King,Lumina San,Majin Buu,Makavell,Master Sorcerrer,Mazit,Mohzise,Nightingale,Nimo,Percocet,Pitou,Royal Force,Sashimi Balls,Suco Cura,Tchex,Tekanee,Tovak,Treyvor,Zaabagarr,Zgredek
2025-10-02 09:13:30,Amber,Ambientalista,Anastazia,Ausfuren,Azael D'zarath,Big Sexy,Bueu Mago,Chadim,Daedric,Esnavnev Hadt,Exigency,Fagosh,Frank Horrigan,Genos,Giobus Tansuz,Hairy Fairy,Hawk Tuah,Jozin,Kesner,King Aragorn,Lumina San,Majin Buu,Makavell,Master Sorcerrer,Mazit,Mohzise,Nightingale,Percocet,Pitou,Royal Force,Sashimi Balls,Suco Cura,Tchex,Tekanee,Tovak,Treyvor,Zaabagarr,Zgredek
2025-10-02 09:14:31,Amber,Anastazia,Ausfuren,Azael D'zarath,Big Sexy,Bueu Mago,Chadim,Daedric,Exigency,Fagosh,Frank Horrigan,Genos,Giobus Tansuz,Godlike,Hairy Fairy,Hawk Tuah,Jozin,Kesner,King Aragorn,Lumina San,Majin Buu,Makavell,Master Sorcerrer,Mazit,Mohzise,Mr Crowley,Nightingale,Percocet,Pitou,Royal Force,Sashimi Balls,Suco Cura,Tchex,Tekanee,Tovak,Treyvor,Zaabagarr,Zgredek
