Name,Experience
Orky,94961628
Cielos Que Maziso,94587360
Vink,93057961
Djed,90298492
Peregrin Took,89113095
Frost,85128697
Sithro,84843635
Verga Dura,83330561
Keleseth,82639038
Daki Souss,79524314
Cursed Acolyte,78623499
Gol D Roger,78296236
Whitebeard,77351455
Sate,75230117
Ichimadu,75084970
Mosstro,74532887
Demolish Man,71189611
Evil Beware,70406095
Madrazo Delejos,70062353
Bibir,68666089
Gran,65139472
Chesterfield,64120526
Majestique,64055786
Rysiu,64049348
Doom,63036396
Zanotti,62971267
Brisa Wyzard,61330348
Ichiricki,60087649
Life Shiver,58033291
Ichimaru,57016116
Ichiman,55533263
Palazyn,54357126
Lyblac,52969160
Topik,52596806
Vattes,51867307
Frontar,51799784
Sigurdsson,51349483
Cash Gow,51150464
Ichileader,50855745
Oskarito,50562469
Laris,50318032
Sharpnel,49841498
Ichiluxe,49229438
Rook Keepper,48800720
Dhmonster,48785799
Bobban,48559525
Ichiretired,48218441
Nicetry,48005227
Pedreiro,47587613
Tidus Showtime,47449299
Raven Moeflow,47227717
Vash The Stampede,47117529
Messy Tezzie,46789794
Jozin,46529178
Chadim,46514559
Tiiozzo,45888484
Mrjens,45499061
San Avery,45111082
Nigoe,44714748
Tiozzo,44337100
Ichijaymu,43645200
Nandofull,43625451
Acab,43552756
Kodak,43394834
Atrocity,43339250
Ichimaou,43286038
Ichibios,42697632
Knothgarr,41916897
Mohzise,41790224
Linkh,41663510
Yuji,41216291
Knight Valhalla,40896814
Axxy,40570868
Fagosh,40411294
Ichixotic,39938771
Ichiiro,39920793
Kano Live,38884529
Trolljagaren,38863815
Flamel,38733452
Little Magico Shark,38483503
Striker The Antihero,38288447
Tha Calone,37619514
Belle,36865219
Erga Omns,36858389
Brill,36843101
Blinxx,36168621
Eduardo Demonslayer,35877739
Jaheyes,35742730
Aewws,35372267
Clinten,35346668
Xutake,35031236
Styr,34851701
Mighty Gecko,34712593
Mattman,34675903
Rhaenyra Targaryen,33967990
Stihl,33934757
Prakith,33925966
Urzel,33017326
Vergzi,32909883
Nightingale,32853544
King Aragorn,32320149
Sanky,31314433
Stivk,31272647
Sic Mundus,30540257
Adversario,30125295
Diino,30059122
Husky From Nebraska,29370410
Hashirama,29324605
Saymor,29290144
Czarek Legend,29086631
Ichisheko,29002400
Ichibeers,28839836
Silent,28815311
Glimpse,28669385
Dydern,28219098
Demon San,27902102
Holikhawa,27821315
Wallzinho,27611254
Kostuch,27578742
Devil Anse,27251715
Scooby,26864317
Hayabusa,26562250
Mr Pie,26528822
Meriele,26438683
Rama-u-shathur,26352139
Exfoliator,26058405
Eatkat,25877067
Said,25839143
Slusk,25835160
Hidan,25795584
Marreta,25401441
Cicada,25363607
Mack,25350611
Leaf,25326275
Lecom Spiry,25031698
Vico,24993959
Raizen,24824112
Toba,24657162
Madison,24345503
Adoi Pally,24239235
Hijackthis,24066348
Sailor Of Fire,24026994
Cholito,23983761
Latika,23493865
Warden,23473777
Luki Tharion,23247525
Erza,23002409
Leoric,22994537
Orion Luca,22977571
Godlike,22835328
Nersna,22824561
Devil Nike,22579550
Mazit,22011349
Kriss Shot,21956522
Wandering Swordsman,21921645
Voyageur,21774746
Ichizoons,21657318
Noctambulo,21647246
Roddy,21549614
Gauss,21318544
Doneeh,21208652
Motormouth,21019857
El Triste,20807529
Podchaczyciel,20654844
Forest Hood,20563882
Cliper,20238314
Pandora's Box,19906570
Raylvanda,19505428
Zensation,19471781
Toptherm,19313892
Magsuki Aodhan,19100572
Fac Boi,18992403
Lo Mage,18730815
Veritas,18687591
Royal Peludin,18449217
Miazdzyciel,18398181
Hail Durin,18331260
Sourdough,18236409
Raltx,17980578
Tidsfordriv,17722993
Horla Mac,17607643
Tanathox,17353197
Bakozor,17232415
Rick Sanchezz,16967637
Dudde,16865697
Buzz Lightyearx,16693597
Deidamia,16637382
Dilli Destemido,16628463
Rapha,16545146
Mike,16462779
Pushing Keys,16412699
Alcala La Maravilla,16244292
Seterictus,16208901
Orphen,16141143
Sone,15946316
Bate Man,15898589
Mardoll,15891049
General Warwick,15850645
Super Blakems,15810588
Handsome,15774736
Alkemyst,15773158
Daremyth,15752017
GOD TESTER,15715800
Don Marlboro,15561955
Shedir,15440680
Headhunter,15172495
Fox Snaxrfs,14856220
Sinbad,14783618
Meep,14500991
Agana Pyroclastic,14454963
Zulu,14282459
Roquentin,14257925
Chadin,14101147
Inmaduro,14074420
Ozone,13907624
Rodd,13695468
Soldador Arrependido,13664943
Duosz,13653708
Omcio,13591830
Warpig,13576422
Xidel,13460424
Durin,13453154
Baki Supreme,13435516
Creeping Death,13291649
Beicim,13142263
Syzz,13132458
Juan Novachrono,13033503
Diif,12954544
Izanagi,12921800
Terra,12810547
Oitavo Anjo,12704477
Ogar,12693158
Arckarka,12663765
Tania Tanya,12647617
Ichijarka,12531077
Troner,12500558
Shaw,12480475
Luna Tank,12256975
Arwen Undomiel,12203595
Mos Bro,12188390
Riip,12167473
G'sus,12146495
Dirty Moustache,12050201
Don Mago,12008399
Listen,12001417
Im Thor,11859620
Wulfgar,11854261
Swarley,11761927
Ealgar,11750799
Pikinier,11691896
Hoagie,11584045
Brokador,11519730
Moskitao Parazita,11419423
Bueu Mago,11414261
Huverex,11381207
Kaiyo Warman,11301681
Mseco,11265332
Net Cisco,11144655
Ulyngarr,11118833
Rosa Norte,11055243
Infected,11032216
Algarve,11009803
Paroxo,10825630
Good,10793401
Thas,10737945
Plonk,10718315
Strzyg,10712982
Daewong Song,10695313
Aldruhn,10694958
Dread,10692787
Stikupkadz,10642522
Brisa Archer,10628741
Smokeyy,10618998
Raicken,10566847
Nightcrawler,10562384
Bliss,10505821
Hasse Fox,10445328
Xystique,10390614
Biggor,10316130
Comandante Templario,10313036
Cykl,10292295
Efryt,10176735
Tanka Tudo,10101460
Hechicero,10089277
Really High,10023121
Skewer,9962623
Ichimazu,9939233
Bizmo,9938483
Khasar,9778421
Surf's Up,9749461
Abraao,9744643
Animal,9731888
Ichiapolin Colorado,9717219
Lich King,9676295
Rzeznik,9665428
Knion,9639335
Chumy,9615133
Knight Oblivion,9610983
Lobozit,9574205
Tripnips,9534668
Md'murillo,9473870
Mithro,9432857
Merchant Beggar,9384941
Jalisco,9371654
Spero,9366867
Sunflake,9161390
Smokie Aggressive,9120723
Ameca,9042060
Frey,8969675
Elrond,8882428
Senz,8772821
Abyss Walker,8767379
Kiki Liki Tiki,8733027
Black Flower,8725561
Zeru,8639511
Judas Priest,8615974
Mah Zika,8569854
Mozza,8530951
Treyvor,8472233
Woland,8432642
Sweet Revenge,8428700
Fenahot,8418763
Fenyx,8357996
Caique Knight,8357772
Judgem,8349869
Jojo Style,8237006
Zuperzonic,8234250
Vichidamim,8184333
Blankita,8092399
Ichihammer,8066843
Embalmer,8061835
Nymphis,8046025
Akira,8028073
Nahailzovsk,7970997
Palmeiro Isback,7935844
Temporary,7915800
Barney,7771187
Pacholokz,7756072
Illimani,7755633
Jack Daniels,7737592
Carlos,7729076
Everard The Mage,7584709
Eknine,7512323
Meltz,7385743
Themage Whosold Dura,7338077
Giu Marrocos,7323996
Rullz,7323627
Action,7146680
Mikie,7072389
The Vampire,7068048
Chandler,6997438
Amyclas Alora,6990890
Heiwasan,6969432
King Diccus,6922301
Wojtaz,6912324
Baldwin,6902739
Jordann Returnz,6865540
Arkanjus,6829521
Marijuana Grande,6823423
Trentzilla,6813618
Bicarbonato De Odio,6797809
Lady'mistic,6786575
Shinkansen,6768911
Talla,6766818
Zork,6702169
Critkalz,6688190
Schnoz,6678133
Only Fans,6668253
Uhtred,6603627
Deimos,6565190
Gandax,6556830
Rihitto,6555280
Akame Kill,6551654
Hazenlo,6517389
Ixtab,6418224
Ichionse,6413405
Hugo Chavez,6358061
Coxa,6343637
Guardola,6308430
Chronickz Sama,6278571
Roberth,6238697
Lokihu Chileno,6231209
Mythwar Reloaded,6202819
Test ADAM,6168474
Paladino Trapstar,6158996
Alpha Runes,6127983
Kamasutra,6114122
Baji,6108518
Hylite,6100497
Viotek,6052745
Amber,6036422
Chikta,6026405
Ichislayerz,5978175
Shirohige,5976369
Psikee,5926128
Brisolha,5915194
Fearless,5911625
German,5898799
Hashiramaa,5892944
Duvel,5884572
Gurin,5861912
Robalo,5858901
Bijacz,5809054
Rockgyn,5807728
Sikerter,5782326
Spillbeers,5781406
Hardly,5754147
Leclerc,5750481
Anastazia,5723610
Brightwing,5723177
Maurolkit,5719259
Warcryer,5696897
Lilililiililillilili,5689779
Gogka,5682600
Mlodinow,5647414
Madrazo Magico,5607377
Amostradinho,5595955
Solo Draconis,5587299
Riveting Tale,5529890
Egg Soul,5524012
Justen Chillin,5517075
Brownies Magicos,5502927
Exigency,5482488
Alatar,5471835
Bad Lori,5464961
Way She Goes,5410565
Romper Mocny,5386215
Lord Ironforge,5354589
Mint Time,5326066
Hermione,5320256
Voltz,5318615
Forky,5303591
Shaadz,5288292
Dope,5278641
Rokit Powder,5262360
Marxus,5251499
Tropzka,5249131
Thuhzin,5231456
Mufasa,5212816
Kacetov,5167352
Ganondorf,5159078
Last Leaf,5151990
Jellozy,5137035
Pestana,5135665
The Storm,5093712
Nenem,5018988
Pacholokzyn,4987742
Rabiolas,4972700
Parros,4970347
Sosseri,4938724
Dick Dump,4885965
Boff Ola,4884103
Strotham Brewhead,4874846
Knight Of Cydonia,4870497
Horror Mage,4854158
Black Stinger,4846446
Chillin Chillin,4816806
Abek,4810229
Nalde,4771067
Rapture,4747658
Mr Durin,4744141
Pellegrino,4726173
Xyperz,4720220
Vellis,4718331
Cracked Nozes,4694411
Rafisa,4687180
Freddy Krugger,4666136
Orshabalbro,4648569
Daysfer,4646250
Twisted Tee,4600918
Ignasty,4597728
Enseyn Khail,4592710
One Guerra,4567742
Skymus,4530993
Laintime,4513670
Mehanix Pain,4507576
Biscuit,4506133
Bozo'fox,4463510
Junin Do Caminhao,4462500
Queiroga,4458548
Thyraz,4443569
Puntog,4431539
Cesdark,4411718
Xalos,4409495
Seven One,4409202
Largherta,4392506
Liro,4385218
Vitaoviadao,4319265
Palladox,4318527
Macabrin,4285478
Alakazam,4266629
Mardito,4251480
Minimus,4207959
Malice,4197443
Baam,4195844
Lillennlind,4183326
King Of Dura,4175388
Eowen,4166067
Mercury,4161483
Jawu,4160348
